repo_name,problems_total,critical_issues,high_issues,moderate_issues,low_issues,problems
BLCM_BLCMods,323,0,70,227,0,"[('Shadowing names from outer scopes', 190), ('Unbound local variables', 39), ('generate-mod.py                              An invalid interpreter', 22), ('Errors in string formatting operations', 21), ('Non-optimal list declaration', 16), ('Method is not declared static', 8), ('Redeclared names without usages', 7), (""Assignments to 'for' loop or 'with' statement para"", 6), ('Redundant parentheses', 4), ('Unused local symbols', 3), ('Dictionary contains duplicate keys', 2), ('Duplicated code fragment', 2), ('part_unlock.py                               An invalid interpreter', 1), ('generate.py                                  An invalid interpreter', 1), ('Unreachable code', 1)]"
Baekalfen_PyBoy,24,0,1425,1389,0,"[('Statement has no effect', 1359), ('PEP 8 naming convention violation', 1134), ('Accessing a protected member of a class or a modul', 93), ('Redundant parentheses', 54), ('Unused local symbols', 40), ('Incorrect type', 38), ('Shadowing names from outer scopes', 28), ('Unbound local variables', 22), ('An instance attribute is defined outside `__init__', 21), ('Method is not declared static', 9), ('Incorrect docstring', 3), ('Non-optimal list declaration', 3), ('__init__.py                                                An invalid interpreter', 2), ('Incorrect call arguments', 2), (""Missed call to '__init__' of the super class"", 2), ('Single quoted docstring', 2), ('makefont.py                                                An invalid interpreter', 1), ('memory_scanner.pxd                                         An invalid interpreter', 1), ('screen.py                                                  An invalid interpreter', 1), ('base_mbc.pxd                                               An invalid interpreter', 1), ('base_mbc.py                                                An invalid interpreter', 1), ('cartridge.pxd                                              An invalid interpreter', 1), ('cartridge.py                                               An invalid interpreter', 1), ('mbc1.pxd                                                   An invalid interpreter', 1), ('mbc1.py                                                    An invalid interpreter', 1), ('mbc3.pxd                                                   An invalid interpreter', 1), ('rtc.pxd                                                    An invalid interpreter', 1), ('base_plugin.pxd                                            An invalid interpreter', 1), ('debug_prompt.pxd                                           An invalid interpreter', 1), ('disable_input.pxd                                          An invalid interpreter', 1), ('game_wrapper_pokemon_gen1.pxd                              An invalid interpreter', 1), ('record_replay.pxd                                          An invalid interpreter', 1), ('record_replay.py                                           An invalid interpreter', 1), ('rewind.pxd                                                 An invalid interpreter', 1), ('screen_recorder.pxd                                        An invalid interpreter', 1), ('screen_recorder.py                                         An invalid interpreter', 1), ('screenshot_recorder.py                                     An invalid interpreter', 1), ('window_null.py                                             An invalid interpreter', 1), ('Tuple assignment balance is incorrect', 1), ('Vulnerable declared dependency', 1), ('Global variable is not defined at the module level', 1), ('Using equality operators to compare with None', 1)]"
BehaviorTree_BehaviorTree.CPP,0,0,0,0,0,[]
BlackArch_blackarch,205,0,117,78,0,"[('Statement has no effect', 79), ('Unused local symbols', 23), ('Unbound local variables', 21), ('PEP 8 naming convention violation', 13), ('Shadowing names from outer scopes', 11), ('Unnecessary backslash', 10), ('Method is not declared static', 10), ('Unclear exception clauses', 9), ('Redundant parentheses', 8), ('Prohibited trailing semicolon in a statement', 4), ('An instance attribute is defined outside `__init__', 4), (""Missed call to '__init__' of the super class"", 2), ('filterbuster.py                               An invalid interpreter', 1), ('ilty                                          An invalid interpreter', 1), ('pykismetearth.py                              An invalid interpreter', 1), ('list-urls.py                                  An invalid interpreter', 1), ('modscan                                       An invalid interpreter', 1), ('MultiInjector.py                              An invalid interpreter', 1), ('nbnspoof                                      An invalid interpreter', 1), ('netcmd                                        An invalid interpreter', 1), ('check-mirror                                  An invalid interpreter', 1), ('up-libraries                                  An invalid interpreter', 1), ('Inconsistent indentation', 1)]"
BlueWallet_BlueWallet,0,0,0,0,0,[]
Bukkit_Bukkit,413,0,193,4,0,"[('Unnecessary modifier', 147), ('Static initializer references subclass', 47), ('Deprecated API usage', 35), ('Catch block may ignore exception', 30), ('Constant values', 23), ('Unused assignment', 17), (""'default' not last case in 'switch'"", 11), ('Result of method call ignored', 8), ('Synchronization on a non-final field', 7), (""'Collection.toArray()' call style"", 5), (""'size() == 0' can be replaced with 'isEmpty()'"", 5), ('Deprecated member is still used', 5), ('Javadoc declaration problems', 5), ('Bulk operation can be used instead of iteration', 4), ('Integer division in floating-point context', 4), ('Nullability and data flow problems', 4), ('Pointless bitwise expression', 4), ('Suspicious variable/parameter name combination', 4), ('Unstable API Usage', 4), (""Field may be 'final'"", 4), ('Redundant local variable', 4), ('Manual array to collection copy', 3), ('Simplifiable conditional expression', 3), ('Unnecessary semicolon', 3), ('Method does not call super method', 2), ('Statement with empty body', 2), ('Synchronization on local variable or method parame', 2), (""'if' statement with identical branches or common p"", 2), (""Non-final field in 'enum'"", 2), (""Duplicate branches in 'switch'"", 2), (""'return' inside 'finally' block"", 1), (""Inner class may be 'static'"", 1), ('Integer multiplication or shift implicitly cast to', 1), ('Malformed format string', 1), ('Manual array copy', 1), ('Mismatched query and update of collection', 1), (""Non-serializable class with 'serialVersionUID'"", 1), (""Redundant 'Collection.addAll()' call"", 1), (""String concatenation as argument to 'StringBuilder"", 1), ('String concatenation in loop', 1), (""Unnecessary call to 'Throwable.initCause()'"", 1), ('Dangling Javadoc comment', 1), ('Redundant type cast', 1), (""Unnecessary conversion to 'String'"", 1), ('Unused import', 1)]"
BytomDAO_bytom,6065,16,3696,2353,0,"[('Unhandled error', 1429), ('Usage of Snake_Case', 884), ('Unused constant', 742), ('Redundant types in composite literals', 335), ('Unused parameter', 311), ('Receiver has a generic name', 234), ('Deprecated element', 226), ('Direct comparison of errors', 221), ('Mixed value and pointer receivers', 217), ('Comment of exported element starts with the incorr', 163), ('Redundant type conversion', 135), ('Unreachable code', 129), ('Empty slice declared using a literal', 117), ('Error string should not be capitalized or end with', 108), ('Imported package name as a name identifier', 96), ('Unused exported function', 92), ('Type assertion on errors fails on wrapped errors', 82), ('Unused global variable', 65), (""'defer' in the loop"", 58), (""Missing 'case' statements for 'iota' consts in 'sw"", 56), ('Redundant parentheses', 40), ('Reserved word used as name', 33), ('Unused function', 32), ('Locks mistakenly passed by value', 27), (""'FailNow' in a non-test goroutine"", 26), ('Struct initialization without field names', 26), ('Constant condition', 18), ('Unsorted imports', 18), ('Unused type', 17), ('Potential nil dereference', 17), ('Hardcoded passwords', 15), ('Error may be not nil', 15), ('Bool condition', 14), ('Redundant import alias', 13), (""Incorrect usage of 'fmt.Printf' and 'fmt.Println'"", 12), ('Non-standard signature for well-known function nam', 8), ('Type can be omitted', 8), ('Name starts with a package name', 7), ('Redundant blank argument in range', 6), ('Malformed test function name', 5), ('Integer to string type conversion', 3), ('Assignment to a receiver', 3), ('Vulnerable declared dependency', 2)]"
EbookFoundation_free-programming-books,0,0,0,0,0,[]
GeekyAnts_NativeBase,0,0,0,0,0,[]
HandBrake_HandBrake,21,22637,1388,0,0,"[('XAML Errors', 22555), ('Resource is overridden with identical value', 2203), ('Unresolved binding path when DataContext is unknow', 907), ('Type member is never used (non-private accessibili', 749), ('Member can be made private (non-private accessibil', 634), ('Use preferred namespace body style', 491), ('Unused parameter (non-private accessibility)', 316), ('Static resource not resolved', 279), ('Method return value is never used (non-private acc', 262), ('Auto-property accessor is never used (non-private', 231), ('Unused parameter (private accessibility)', 160), (""Use preferred style of 'new' expression when creat"", 155), (""Invert 'if' statement to reduce nesting"", 140), ('Method return value is never used (private accessi', 133), ('RoslynAnalyzers Mark members as static', 124), (""ad of 'DllImportAttribute' to generate P/Invoke ma"", 109), (""only be used in code within a '#nullable' annotat"", 97), ('Unresolved binding path when DataContext is known', 96), ('Type member is never used (private accessibility)', 95), ('Class is never instantiated (non-private accessibi', 84), ('Unexpected text token error', 82), ('Property can be made init-only (non-private access', 71), (""Possible 'System.NullReferenceException'"", 63), (""Convert 'as' expression type check and the followi"", 48), ('Convert constructor into primary constructor', 46), ('Type is never used (non-private accessibility)', 44), ('Redundant using directive', 40), ('Use preferred style for trailing comma before new', 38), ('RoslynAnalyzers Non-constant fields should not be', 29), ('Use compound assignment', 28), ('Field can be made readonly (non-private accessibil', 27), (""'if-return' statement can be rewritten as 'return'"", 27), ('Use collection expression syntax', 23), ('Field can be made readonly (private accessibility)', 22), ('Invalid XML documentation comment', 21), ('Event is never subscribed to (non-private accessib', 20), (""Redundant 'else' keyword"", 19), ('Collection is never updated (non-private accessibi', 18), ('Replace if statement with null-propagating code', 18), (""Some values of the enum are not processed inside '"", 18), ('Redundant type declaration body', 17), ('Redundant empty argument list on object creation e', 17), ('Auto-property can be made get-only (non-private ac', 16), ('Assignment is not used', 14), ('Inconsistent synchronization on field', 14), ('XML highlighting', 14), ('Auto-property can be made get-only (private access', 13), ('Member can be made protected (non-private accessib', 13), ('Use object or collection initializer when possible', 13), (""'value' parameter is not used"", 12), (""Possible 'null' assignment to non-nullable entity"", 12), ('Type member is never accessed via base type (non-p', 12), (""Replace 'switch' statement with 'switch' expressio"", 12), ('Parameter hides member', 11), (""'if' statement can be rewritten as '??=' assignmen"", 11), ('RoslynAnalyzers Specify marshaling for P/Invoke st', 11), ('Merge null/pattern checks into complex pattern', 10), ('Event never invoked', 9), ('Redundant namespace alias', 9), ('Resource is not overridden in specific culture', 9), ('Merge conditional ?: expression into conditional a', 9), ('Member can be made static (shared) (private access', 9), ('RoslynAnalyzers Use concrete types when possible f', 9), ('Conditional access qualifier expression is known t', 8), (""'if' statement can be rewritten as '??' expression"", 7), ('Member can be made static (shared) (non-private ac', 7), ('Redundant member initializer', 6), (""'??' condition is known to be null or not null"", 5), ('Cannot resolve symbol in text argument', 5), ('Unused local variable', 5), ('Class with virtual (overridable) members never inh', 5), (""Dictionary lookup can be simplified with 'TryGetVa"", 5), ('Type check and casts can be merged', 5), ('Unassigned field (non-private accessibility)', 5), ('Convert property into auto-property (when possible', 5), ('Convert property into auto-property with private s', 5), ('RoslynAnalyzers Instantiate argument exceptions co', 5), (""RoslynAnalyzers Prefer the 'IDictionary.TryGetValu"", 5), ('MenuItemExtensions.cs                                          C# Compiler Errors', 4), ('SubtitleBehaviourConverter.cs                                  C# Compiler Errors', 4), ('SubtitleBehaviours.cs                                          C# Compiler Errors', 4), ('VideoTune.cs                                                   C# Compiler Errors', 4), ('CountdownAlertView.xaml.cs                                     C# Compiler Errors', 4), ('Async method invocation without await expression', 4), (""Non-readonly type member referenced in 'GetHashCod"", 4), (""Convert into 'using' declaration"", 4), (""Inline 'out' variable declaration"", 4), ('Redundant verbatim prefix', 4), ('Loop can be converted into LINQ-expression', 4), ('RoslynAnalyzers Do not ignore method results', 4), ('RoslynAnalyzers Use char overload', 4), ('Use preferred style of default value expression wh', 4), (""Do not use object initializer for 'using' variable"", 3), (""Redundant 'case' label"", 3), ('Convert constructor into member initializers', 3), ('Convert property into auto-property', 3), ('Redundant verbatim string prefix', 3), ('Add/remove qualifier for static members', 3), ('Equality comparison of floating point numbers', 3), ('Inline temporary variable', 3), ('Literal length can be reduced by using verbatim st', 3), ('Redundant semicolon after type or namespace declar', 3), ('RoslynAnalyzers Use ArgumentNullException throw he', 3), ('overloads to perform case-insensitive string compa', 3), ('Specify string comparison explicitly', 3), ('Tail recursive call can be replaced with loop', 3), ('Collection content is never queried (non-private a', 2), ('Empty constructor', 2), ('Format string placeholders mismatch', 2), ('Local variable hides member', 2), ('Redundant cast', 2), ('Unused nullable directive', 2), (""'if' statement can be rewritten as '?:' expression"", 2), ('Introduce optional parameters (non-private accessi', 2), ('Move variable declaration inside loop condition', 2), (""Convert 'if' statement into 'switch'"", 2), ('Duplicated switch section bodies', 2), ('Merge sequential checks into single conditional ac', 2), ('RoslynAnalyzers Mark attributes with AttributeUsag', 2), (""switch' statement and are handled via default sect"", 2), ('Use alias', 2), ('HandBrakeWPF.csproj                          Rider toolset and environment errors', 1), ('Async function without await expression', 1), ('Auto-property accessor is never used (private acce', 1), ('Bitwise operation on enum that is not marked by th', 1), ('Code is unreachable', 1), ('Explicit delegate creation expression is redundant', 1), (""Expression is always 'null'"", 1), ('Namespace does not correspond to file location', 1), ('Non-accessed field (private accessibility)', 1), ('Private field can be converted into local variable', 1), ('Virtual member call in constructor', 1), ('Convert static method invocation into extension me', 1), (""Dictionary lookup can be simplified with 'GetValue"", 1), (""Dictionary lookup can be simplified with 'TryAdd'"", 1), ('Incorrect indent (around statement braces)', 1), ('Local variable has too wide declaration scope', 1), ('Non-accessed field (non-private accessibility)', 1), ('Parameter is only used for precondition check (non', 1), (""Use 'nameof' expression to reference name"", 1), ('Virtual (overridable) member is never overridden (', 1), ('Convert local variable or field into constant (pri', 1), ('Extract common code', 1), (""Merge null/pattern/value checks into 'or'/'and' pa"", 1), (""Replace 'Substring' with range indexer"", 1), ('RoslynAnalyzers Avoid constant arrays as arguments', 1), ('RoslynAnalyzers P/Invokes should not be visible', 1), (""RoslynAnalyzers Prefer the 'IDictionary.TryAdd(TKe"", 1), ('RoslynAnalyzers Use nameof to express symbol names', 1), (""switch' expression and are handled via exception i"", 1), ('Use preferred style for trailing comma when the la', 1), ('Use raw string', 1)]"
Homebrew_brew,0,0,0,0,0,[]
NSFI_ppfish-components,5,697,283,234,0,"[('ESLint', 697), ('Deprecated symbol used', 172), ('Unused local symbol', 67), ('Unused import', 50), (""Potentially invalid reference to 'this' from closu"", 45), ('Mismatched JSDoc and function signature', 32), ('Redundant type arguments', 28), ('Unused assignment', 27), ('Result of method call returning a promise is ignor', 19), ('Equality operator may cause type coercion', 16), ('JQuery selector can be optimized', 10), ('Unresolved JSX component', 6), ('Duplicate character in character class', 5), ('Duplicate union or intersection type component', 4), ('Import can be shortened', 4), ('Syntax errors and unresolved references in JSDoc', 4), ('Void function return value used', 4), ('Webpack config compliance with JSON Schema', 4), (""Object is 'null' or 'undefined'"", 3), ('Field can be readonly', 3), ('Redundant local variable', 3), ('Pointless statement or boolean expression', 2), ('Variable is assigned to itself', 2), ('Missing await for an async function call', 2), ('Redundant nesting in template literal', 2), ('Mismatched query and update of collection', 1), ('Single character alternation', 1), (""Unnecessary 'return' statement"", 1), ('Unnecessary label', 1), ('Expression statement which is not assignment or ca', 1), (""Redundant 'await' expression"", 1), ('Redundant character escape', 1), ('Duplicated code fragment', 1)]"
OpenMathLib_OpenBLAS,0,0,0,0,0,[]
ReFirmLabs_binwalk,0,0,0,0,0,[]
RoaringBitmap_RoaringBitmap,232,0,159,8,0,"[('Nullability and data flow problems', 30), (""'protected' member in 'final' class"", 29), ('Unused assignment', 20), ('Class is exposed outside of its visibility scope', 15), ('Duplicated code fragment', 15), ('Unstable API Usage', 14), ('Method does not call super method', 13), ('Redundant local variable', 11), ('Optional.get() is called without isPresent() check', 10), ('Possibly lossy implicit cast in compound assignmen', 9), ('Negative int hexadecimal constant in long context', 8), (""'if' statement with identical branches or common p"", 8), (""'long' literal ending with 'l' instead of 'L'"", 6), (""'equals()' between objects of inconvertible types"", 5), ('Pointless bitwise expression', 3), (""Redundant call to 'String.format()'"", 3), (""'Externalizable' class without 'public' no-arg con"", 2), (""AutoCloseable used without 'try'-with-resources"", 2), ('Constant values', 2), (""Inner class may be 'static'"", 2), ('Integer multiplication or shift implicitly cast to', 2), ('Loop executes zero or billions of times', 2), ('Numeric overflow', 2), ('Pointless boolean expression', 2), ('Result of method call ignored', 2), ('Suspicious variable/parameter name combination', 2), ('Javadoc declaration problems', 2), ('Manual array copy', 1), ('Statement with empty body', 1), (""Suspicious 'System.arraycopy()' call"", 1), (""'InputStream' and 'OutputStream' can be constructe"", 1), (""Call to 'printStackTrace()'"", 1), ('Copy of existing static method body', 1), ('Field can be local', 1), (""Field may be 'final'"", 1), ('Link specified as plain text', 1), (""Redundant 'if' statement"", 1), ('Commented out code', 1)]"
StanzaOrg_lbstanza,0,0,0,0,0,[]
WebAssembly_binaryen,0,0,0,0,0,[]
WorldBrain_Memex,12,2045,1418,514,0,"[('ESLint', 1101), ('TSLint', 944), ('Unused local symbol', 890), ('Unused import', 312), ('Deprecated symbol used', 195), ('Missing await for an async function call', 140), ('Result of method call returning a promise is ignor', 96), ('Import can be shortened', 44), ('Field can be readonly', 38), ('Unused assignment', 37), ('Mismatched JSDoc and function signature', 32), ('Syntax errors and unresolved references in JSDoc', 24), ('Redundant type arguments', 20), ('Duplicate character in character class', 13), ('Unreachable code', 12), (""Redundant 'await' expression"", 9), ('Exception used for local control-flow', 8), ('Pointless statement or boolean expression', 8), ('Redundant character escape', 8), ('Redundant nesting in template literal', 6), (""Object is 'null' or 'undefined'"", 5), ('Unnecessary non-capturing group', 5), ('Duplicate union or intersection type component', 4), ('Equality operator may cause type coercion', 4), (""Unnecessary 'continue' statement"", 4), ('Abstract class constructor can be made protected', 4), ('Comma expression', 3), ('Consecutive spaces', 3), ('Mismatched query and update of collection', 3), ('Void function return value used', 3), ('Comparison of expressions having incompatible type', 3), ('Variable is assigned to itself', 2), ('Expression statement which is not assignment or ca', 2), ('Redundant local variable', 2), ('Duplicated code fragment', 2), (""'return' inside 'finally' block"", 1), ('Single character alternation', 1), ('Unresolved JSX component', 1)]"
astaxie_build-web-application-with-golang,1183,0,409,774,0,"[('Usage of Snake_Case', 321), ('Unhandled error', 203), ('Error string should not be capitalized or end with', 185), ('Comment of exported element starts with the incorr', 127), ('Unused constant', 75), ('Type can be omitted', 64), ('Unused exported function', 25), ('Redundant parentheses', 24), ('Bool condition', 20), ('Unused global variable', 20), ('Unused parameter', 20), ('Unsorted imports', 16), ('Deprecated element', 14), ('Redundant types in composite literals', 10), (""Incorrect usage of 'fmt.Printf' and 'fmt.Println'"", 10), ('Mixed value and pointer receivers', 10), ('Receiver has a generic name', 7), ('Redundant blank argument in range', 5), ('Reserved word used as name', 5), ('Unexported return type of the exported function', 5), ('Unused function', 5), (""'defer' in the loop"", 5), ('Redundant semicolon', 5), ('Constant condition', 2)]"
async-labs_builderbook,604,533,48,20,0,"[('ESLint', 533), ('Exception used for local control-flow', 30), ('Unused assignment', 17), ('Result of method call returning a promise is ignor', 12), ('Comparison of expressions having incompatible type', 8), ('Regular expression can be simplified', 3), ('Unused local symbol', 1)]"
aws_s2n-tls,0,0,0,0,0,[]
axiomatic-systems_Bento4,0,0,0,0,0,[]
baconjs_bacon.js,138,0,131,7,0,"[('Unused local symbol', 50), ('Syntax errors and unresolved references in JSDoc', 30), ('Unnecessary semicolon', 23), ('Mismatched JSDoc and function signature', 8), ('Duplicate declaration', 4), ('JQuery selector can be optimized', 4), ('Abstract class constructor can be made protected', 4), ('Deprecated symbol used', 3), ('Comma expression', 2), ('Pointless statement or boolean expression', 2), ('Reserved word used as name', 2), ('Unused assignment', 2), ('Equality operator may cause type coercion', 1), ('Mismatched query and update of collection', 1), ('Unsound type guard check', 1), ('Void function return value used', 1)]"
bazelbuild_bazel,0,0,0,0,0,[]
bioconda_bioconda-recipes,288,0,24,242,0,"[('Redundant parentheses', 139), ('PEP 8 naming convention violation', 46), ('Using equality operators to compare with None', 22), ('Shadowing names from outer scopes', 19), ('rootNodes.py                                         Unresolved references', 8), ('Incorrect type', 8), ('The default argument is mutable', 7), ('Unused local symbols', 7), ('run_test.py                                          Unresolved references', 4), ('show_diff.py                                         Unresolved references', 4), ('Accessing a protected member of a class or a modul', 4), ('setup.py                                             Unresolved references', 3), ('Unbound local variables', 3), ('Deprecated function, class, or module', 2), ('Redundant boolean variable check', 2), ('Shadowing built-in names', 2), ('phylip.py                                            Unresolved references', 1), ('missingCranPackages.py                               Unresolved references', 1), ('GeMoMa.py                                            Unresolved references', 1), ('Attempt to call a non-callable object', 1), ('Prohibited trailing semicolon in a statement', 1), ('Statement has no effect', 1), ('Unnecessary backslash', 1), ('Unclear exception clauses', 1)]"
bitcoinbook_bitcoinbook,6,0,0,0,0,"[('rpc_block.py                                     Unresolved references', 2), ('rpc_example.py                                   Unresolved references', 2), ('rpc_transaction.py                               Unresolved references', 2)]"
bkaradzic_bgfx,0,0,0,0,0,[]
blynkkk_blynk-library,0,0,0,0,0,[]
bokeh_bokeh,951,19,611,307,0,"[('Import can be shortened', 402), ('Abstract class constructor can be made protected', 110), ('Redundant type arguments', 81), ('Expression statement which is not assignment or ca', 79), ('Unnecessary label', 45), ('Unsound type guard check', 26), ('Unused local symbol', 23), ('Suspicious variable/parameter name combination', 21), ('Deprecated symbol used', 20), ('ESLint', 19), ('Unnecessary semicolon', 16), ('Comma expression', 9), ('Field can be readonly', 8), (""Fallthrough in 'switch' statement"", 7), ('Infinite loop statement', 7), ('Primitive type object wrapper used', 7), ('Equality operator may cause type coercion', 6), (""Unnecessary 'continue' statement"", 6), ('Redundant local variable', 5), ('Duplicated code fragment', 5), ('Unnecessary non-capturing group', 4), ('Unreachable code', 4), ('Unused import', 4), ('Void function return value used', 4), ('Implicitly declared global JavaScript variable', 4), ('Redundant nesting in template literal', 4), ('Duplicate declaration', 3), (""Loop statement that doesn't loop"", 3), ('Mismatched query and update of collection', 3), ('Pointless statement or boolean expression', 3), ('Reserved word used as name', 3), ('Suspicious back reference', 3), ('Pointless arithmetic expression', 3), ('Identifiers with non-ASCII symbols', 1), ('Variable is assigned to itself', 1), ('Missing await for an async function call', 1), (""Redundant 'if' statement"", 1)]"
boostorg_boost,55,0,23,29,0,"[('Incorrect type', 18), ('An instance attribute is defined outside `__init__', 9), ('Redundant parentheses', 7), ('Shadowing built-in names', 6), ('Single quoted docstring', 4), ('boost_check_library.py                               Unresolved references', 3), ('The default argument is mutable', 3), ('Prohibited trailing semicolon in a statement', 2), ('Method is not declared static', 2), ('PEP 8 naming convention violation', 1)]"
bootstrap-vue_bootstrap-vue,177,2,142,25,0,"[('Unused import', 61), ('Mismatched JSDoc and function signature', 40), ('Import can be shortened', 14), ('Deprecated symbol used', 10), ('Unused assignment', 9), ('Duplicated code fragment', 8), ('Expression statement which is not assignment or ca', 7), ('Comparison of expressions having incompatible type', 6), ('Duplicate character in character class', 5), ('Unnecessary semicolon', 3), ('Duplicate declaration', 2), ('Single character alternation', 2), ('Suspicious variable/parameter name combination', 2), ('Result of method call returning a promise is ignor', 2), ('Attempt to assign to const or readonly variable', 1), ('Hardcoded passwords', 1), (""'this' expression which references the global obje"", 1), ('Possibly incorrect target of indexed property acce', 1), ('Syntax errors and unresolved references in JSDoc', 1), ('Unused local symbol', 1)]"
boto_boto,26,1,1077,2702,0,"[('Unused local symbols', 836), ('PEP 8 naming convention violation', 546), ('Unsatisfied package requirements', 410), ('Incorrect docstring', 370), ('Statement has no effect', 297), ('Method is not declared static', 219), ('Shadowing built-in names', 170), ('Incorrect type', 154), ('Shadowing names from outer scopes', 154), ('An instance attribute is defined outside `__init__', 151), ('Redundant parentheses', 69), ('Accessing a protected member of a class or a modul', 58), ('Unclear exception clauses', 54), ('Method signature does not match signature of overr', 47), ('Unbound local variables', 43), (""Missed call to '__init__' of the super class"", 36), ('Function call can be replaced with set literal', 28), ('Dictionary creation can be rewritten by dictionary', 21), ('Single quoted docstring', 18), ('Deprecated function, class, or module', 16), ('Incorrect call arguments', 14), ('Prohibited trailing semicolon in a statement', 14), ('The default argument is mutable', 11), ('Non-optimal list declaration', 7), ('Redundant boolean variable check', 6), ('First argument of the method is reassigned', 5), ('sdbadmin                                      Unresolved references', 4), ('s3put                                         Unresolved references', 4), ('Too complex chained comparisons', 4), ('Using equality operators to compare with None', 4), ('Duplicated code fragment', 4), ('taskadmin                                     Unresolved references', 3), ('__init__.py                                   Unresolved references', 3), ('Improper first parameter', 3), ('cwutil                                        Unresolved references', 2), ('Vulnerable declared dependency', 2), ('Errors in string formatting operations', 2), ('Redeclared names without usages', 2), ('Unnecessary backslash', 2), (""Assigning function calls that don't return anythin"", 2), ('instance_events                               Unresolved references', 1), ('launch_instance                               Unresolved references', 1), ('setup.py                                      Unresolved references', 1), ('asadmin                                       Unresolved references', 1), ('cfadmin                                       Unresolved references', 1), ('elbadmin                                      Unresolved references', 1), ('Inappropriate access to properties', 1), ('Incorrect property definition', 1), ('Unreachable code', 1), (""Assignments to 'for' loop or 'with' statement para"", 1), ('Global variable is not defined at the module level', 1)]"
boto_boto3,254,0,50,183,0,"[('PEP 8 naming convention violation', 80), ('Unsatisfied package requirements', 48), ('Method is not declared static', 35), ('Unused local symbols', 28), ('Incorrect docstring', 17), ('Improper first parameter', 10), ('Shadowing names from outer scopes', 5), ('crt.py                                      Unresolved references', 4), ('session.py                                  Unresolved references', 4), ('utils.py                                    Unresolved references', 4), ('Incorrect type', 3), ('Accessing a protected member of a class or a modul', 3), ('Shadowing built-in names', 3), ('inject.py                                   Unresolved references', 2), ('transfer.py                                 Unresolved references', 2), ('compat.py                                   Unresolved references', 2), ('conf.py                                     Unresolved references', 2), ('exceptions.py                               Unresolved references', 1), (""Assignments to 'for' loop or 'with' statement para"", 1)]"
bqplot_bqplot,277,88,159,26,0,"[('Unused local symbol', 127), ('ESLint', 88), ('Deprecated symbol used', 21), ('Unused assignment', 11), ('Comma expression', 5), ('Suspicious variable/parameter name combination', 4), ('Duplicated code fragment', 4), ('Webpack config compliance with JSON Schema', 3), ('Result of method call returning a promise is ignor', 3), ('Equality operator may cause type coercion', 2), ('Mismatched JSDoc and function signature', 2), ('Pointless statement or boolean expression', 2), ('Missing await for an async function call', 2), (""Object is 'null' or 'undefined'"", 1), ('Single character alternation', 1), ('Unused import', 1)]"
buefy_buefy,2,568,2043,5,0,"[('Missing component import', 1979), ('ESLint', 568), ('Unused local symbol', 36), ('Void function return value used', 8), ('Unused import', 5), ('Equality operator may cause type coercion', 4), ('Mismatched JSDoc and function signature', 4), ('Suspicious variable/parameter name combination', 3), ('Deprecated symbol used', 3), ('Import can be shortened', 2), ('Unused assignment', 2), ('Expression statement which is not assignment or ca', 1), ('Implicitly declared global JavaScript variable', 1), ('Redundant local variable', 1), ('Duplicated code fragment', 1)]"
buildroot_buildroot,300,0,28,245,0,"[('An instance attribute is defined outside `__init__', 72), ('PEP 8 naming convention violation', 55), ('Shadowing names from outer scopes', 30), ('Accessing a protected member of a class or a modul', 15), ('Redundant parentheses', 15), ('Incorrect type', 13), ('Method is not declared static', 13), ('Non-optimal list declaration', 13), ('Unused local symbols', 13), ('Unbound local variables', 7), ('Shadowing built-in names', 6), ('Single quoted docstring', 6), ('basetest.py                                      Unresolved references', 4), ('graph-build-time                                 Unresolved references', 4), ('graphics_base.py                                 Unresolved references', 4), ('Consecutive spaces', 4), ('The default argument is mutable', 4), ('size-stats                                       Unresolved references', 3), ('Global variable is not defined at the module level', 3), ('Duplicated code fragment', 3), ('builder.py                                       Unresolved references', 1), ('emulator.py                                      Unresolved references', 1), ('run-tests                                        Unresolved references', 1), ('test_btrfs.py                                    Unresolved references', 1), ('test_erofs.py                                    Unresolved references', 1), ('test_jffs2.py                                    Unresolved references', 1), ('test_ubi.py                                      Unresolved references', 1), ('test_yaffs2.py                                   Unresolved references', 1), ('boot-qemu-image.py                               Unresolved references', 1), (""Assignments to 'for' loop or 'with' statement para"", 1), ('Dictionary creation can be rewritten by dictionary', 1), ('Too complex chained comparisons', 1), ('Unclear exception clauses', 1)]"
confluentinc_confluent-kafka-python,550,1,9,520,0,"[('Unsatisfied package requirements', 267), ('Shadowing names from outer scopes', 73), ('Incorrect docstring', 46), ('Method is not declared static', 33), ('Accessing a protected member of a class or a modul', 31), ('Unused local symbols', 31), ('Redundant parentheses', 14), ('Too complex chained comparisons', 9), ('Shadowing built-in names', 7), ('Incorrect type', 6), ('asyncio_example.py                                          Unresolved references', 4), ('avro_producer.py                                            Unresolved references', 4), ('oauth_oidc_ccloud_producer.py                               Unresolved references', 4), ('gcp_client.py                                               Unresolved references', 4), ('gcp_driver.py                                               Unresolved references', 4), ('PEP 8 naming convention violation', 4), ('The default argument is mutable', 3), ('Redundant boolean variable check', 3), ('Unclear exception clauses', 2), ('Hardcoded passwords', 1)]"
coolsnowwolf_lede,0,0,0,0,0,[]
dabeaz_curio,597,0,96,478,0,"[('Single quoted docstring', 274), ('Unsatisfied package requirements', 93), ('Accessing a protected member of a class or a modul', 54), ('Shadowing names from outer scopes', 53), ('Unused local symbols', 26), ('Shadowing built-in names', 14), ('PEP 8 naming convention violation', 12), ('An instance attribute is defined outside `__init__', 10), ('Method is not declared static', 9), ('Unbound local variables', 8), ('Redundant parentheses', 6), ('Incorrect type', 5), ('queue.py                                          Unresolved references', 4), ('twistecho.py                                      Unresolved references', 3), ('curio_subprocess.py                               Unresolved references', 3), ('Unreachable code', 3), ('gevsslecho.py                                     Unresolved references', 2), ('socket.py                                         Unresolved references', 2), ('udp_echo.py                                       Unresolved references', 2), ('The default argument is mutable', 2), ('Too complex chained comparisons', 2), ('Unclear exception clauses', 2), ('pinger.py                                         Unresolved references', 1), ('conf.py                                           Unresolved references', 1), ('curiostream.py                                    Unresolved references', 1), ('chat.py                                           Unresolved references', 1), ('echoserv.py                                       Unresolved references', 1), ('ssl_echo.py                                       Unresolved references', 1), ('zmq_rpcclient.py                                  Unresolved references', 1), ('Improper first parameter', 1), ('Duplicated code fragment', 1)]"
dariuszseweryn_RxAndroidBle,0,0,0,0,0,[]
davidstutz_bootstrap-multiselect,217,0,210,7,0,"[('Equality operator may cause type coercion', 61), ('Unused local symbol', 58), ('JQuery selector can be optimized', 40), ('Assignment used as condition', 13), ('Duplicate declaration', 10), ('Mismatched JSDoc and function signature', 8), ('Unnecessary semicolon', 7), ('Deprecated symbol used', 6), ('Unused assignment', 3), ('Comma expression', 2), (""Fallthrough in 'switch' statement"", 2), ('Potentially invalid constructor usage', 2), ('Referencing mutable variable from closure', 2), ('Variable is assigned to itself', 1), ('Void function return value used', 1), ('Implicitly declared global JavaScript variable', 1)]"
elastic_beats,7189,82,5194,1913,0,"[('Unhandled error', 2338), ('Deprecated element', 1116), ('Unused parameter', 469), ('Imported package name as a name identifier', 435), ('Mixed value and pointer receivers', 300), ('Redundant type conversion', 292), ('Comment of exported element starts with the incorr', 276), ('Redundant types in composite literals', 254), ('Error string should not be capitalized or end with', 238), ('Usage of Snake_Case', 167), ('Unused exported function', 154), ('Empty slice declared using a literal', 129), ('Name starts with a package name', 111), ('Potential nil dereference', 95), (""Incorrect usage of 'fmt.Printf' and 'fmt.Println'"", 88), ('Hardcoded passwords', 82), ('Direct comparison of errors', 76), ('Unused constant', 74), ('Error may be not nil', 65), ('Reserved word used as name', 58), ('Unused global variable', 54), ('Constant condition', 44), ('Receiver has a generic name', 39), ('Unexported return type of the exported function', 33), ('Redundant import alias', 28), ('Redundant parentheses', 28), (""Missing 'case' statements for 'iota' consts in 'sw"", 24), ('Type assertion on errors fails on wrapped errors', 23), ('Bool condition', 20), ('Unused function', 19), ('Type can be omitted', 18), (""'defer' in the loop"", 17), ('Unused type', 10), ('Unreachable code', 4), ('Unused exported type', 3), ('Malformed build tag', 3), ('Vulnerable declared dependency', 2), ('Duplicate character in character class', 1), ('Single character alternation', 1), ('Assignment to a receiver', 1)]"
exercism_website-copy,0,0,0,0,0,[]
felangel_bloc,0,0,0,0,0,[]
google_blockly,12,582,445,86,0,"[('ESLint', 581), ('Mismatched JSDoc and function signature', 103), ('Unused local symbol', 81), ('Duplicate declaration', 74), ('Syntax errors and unresolved references in JSDoc', 65), ('Result of method call returning a promise is ignor', 35), ('Deprecated symbol used', 33), ('Assignment used as condition', 27), ('Unnecessary semicolon', 18), ('Unsound type guard check', 18), ('Unused assignment', 18), ('Pointless statement or boolean expression', 14), ('Field can be readonly', 11), ('Import can be shortened', 6), ('Incorrect usage of JSDoc tags', 6), ('Abstract class constructor can be made protected', 6), ('Redundant local variable', 6), ('Suspicious variable/parameter name combination', 3), ('Redundant character escape', 3), ('Duplicated code fragment', 3), ('Single character alternation', 2), ('Unnecessary non-capturing group', 2), ('Attempt to assign to const or readonly variable', 1), ('Exception used for local control-flow', 1), ('Inaccessible @private and @protected members refer', 1), (""Loop statement that doesn't loop"", 1), ('Referencing mutable variable from closure', 1), ('Reserved word used as name', 1), ('Suspicious back reference', 1), (""Unnecessary 'return' statement"", 1), ('Use of possibly unassigned property in a static in', 1), ('Implicitly declared global JavaScript variable', 1)]"
google_blockly-games,6,0,523,1097,0,"[('Expression statement which is not assignment or ca', 1081), ('Unused local symbol', 322), ('Syntax errors and unresolved references in JSDoc', 165), ('Deprecated symbol used', 16), ('Inaccessible @private and @protected members refer', 8), ('Incorrect usage of JSDoc tags', 7), ('Variable is assigned to itself', 6), ('Redundant character escape', 4), ('Assignment used as condition', 2), ('Comma expression', 2), ('Duplicate declaration', 2), ('Exception used for local control-flow', 2), (""Unnecessary 'continue' statement"", 2), ('Unused assignment', 2), ('Undefined property assignment', 2), ('Equality operator may cause type coercion', 1), ('Mismatched JSDoc and function signature', 1), ('Mismatched query and update of collection', 1)]"
google_brotli,0,0,0,0,0,[]
greenrobot_EventBus,0,0,0,0,0,[]
gunthercox_ChatterBot,439,0,247,168,0,"[('Unsatisfied package requirements', 162), ('Consecutive spaces', 135), ('PEP 8 naming convention violation', 43), ('Incorrect docstring', 14), ('An instance attribute is defined outside `__init__', 13), ('Unused local symbols', 12), ('Redundant parentheses', 10), ('Incorrect type', 7), ('Incorrect call arguments', 6), ('0001_initial.py                                                   Unresolved references', 4), ('test_chatterbot_settings.py                                       Unresolved references', 4), ('Method is not declared static', 4), ('0008_update_conversations.py                                      Unresolved references', 3), ('0013_change_conversations.py                                      Unresolved references', 3), ('0017_tags_unique.py                                               Unresolved references', 3), ('apps.py                                                           Unresolved references', 2), ('0014_remove_statement_extra_data.py                               Unresolved references', 2), ('manage.py                                                         Unresolved references', 2), ('Unbound local variables', 2), ('Shadowing built-in names', 2), ('Unclear exception clauses', 2), ('test_example.py                                                   Unresolved references', 1), ('Single character alternation', 1), ('Improper first parameter', 1), ('Shadowing names from outer scopes', 1)]"
h2non_bimg,130,0,109,21,0,"[('Unhandled error', 51), ('Unused constant', 24), ('Deprecated element', 14), ('Unused exported function', 8), ('Comment of exported element starts with the incorr', 8), ('Error string should not be capitalized or end with', 8), ('Imported package name as a name identifier', 4), ('Unused parameter', 3), ('Redundant type conversion', 3), (""'defer' in the loop"", 2), ('Bool condition', 1), ('Constant condition', 1), ('Error may be not nil', 1), ('Reserved word used as name', 1), ('Unused function', 1)]"
heroku_heroku-buildpack-nodejs,42,1,41,0,0,"[('Unused local symbol', 25), ('Equality operator may cause type coercion', 12), ('Inconsistent tsconfig.json properties', 2), ('Syntax errors and unresolved references in JSDoc', 2), ('Vulnerable declared dependency', 1)]"
heroku_heroku-buildpack-ruby,0,0,0,0,0,[]
hhxsv5_laravel-s,704,21,612,2,0,"[('Undefined class', 352), ('Undefined namespace', 126), ('Undefined function', 75), ('Undefined method', 37), ('Missing return type declaration', 30), ('Undefined constant', 21), ('Fully qualified name usage', 16), ('Expression result unused', 12), ('Extension is missing in composer.json', 8), (""Missing property's type declaration"", 7), ('Undefined property', 6), (""'isset' can be replaced with coalesce"", 6), ('Parameter type', 3), ('Strict comparison of operands with incompatible ty', 2), ('Invalid function result used', 1), (""'str*()' calls can be replaced with PHP 8 'str_*()"", 1), ('Type cast is unnecessary', 1)]"
hibernate_hibernate-orm,601,0,1149,93,0,"[('Nullability and data flow problems', 534), ('Deprecated API usage', 184), ('Constant values', 173), ('Usage of API marked for removal', 151), ('Non-safe string is used as SQL', 106), (""'@Serial' annotation can be used"", 66), ('Class is exposed outside of its visibility scope', 54), (""AutoCloseable used without 'try'-with-resources"", 47), ('Unchecked warning', 47), ('Unused assignment', 39), ('Statement with empty body', 33), (""Field may be 'final'"", 22), ('Commented out code', 22), ('Result of method call ignored', 19), ('@NotNull/@Nullable problems', 18), ('Suspicious variable/parameter name combination', 16), ('Javadoc declaration problems', 12), (""Call to 'list.containsAll(collection)' may have po"", 10), ('Non-constant string concatenation as argument to l', 10), ('Copy constructor misses field', 9), (""'if' statement with identical branches or common p"", 9), ('Deprecated member is still used', 9), (""'Optional' used as field or parameter type"", 8), ('Magic constant', 8), ('Unnecessary modifier', 8), ('Duplicated code fragment', 8), ('Optional.get() is called without isPresent() check', 7), ('Suspicious collection method call', 6), ('Type parameter hides visible type', 6), (""'size() == 0' can be replaced with 'isEmpty()'"", 6), ('Declaration has problems in Javadoc references', 6), (""Redundant 'isInstance()' or 'cast()' call"", 6), (""'Collection.toArray()' call style"", 5), (""Call to 'equals()' or 'hashCode()' on 'URL' object"", 5), ('Field can be local', 5), ('Method is identical to its super method', 5), ('EntityManagerFactoryBuilderImpl.java                                         Java sanity', 4), ('PersistenceXmlParser.java                                                    Java sanity', 4), ('OrderByFragmentTranslator.java                                               Java sanity', 4), ('ParseTreeVisitor.java                                                        Java sanity', 4), ('DiscriminatorPersistentEntity.java                                           Java sanity', 4), ('Join.java                                                                    Java sanity', 4), ('ManyToOneAttribute.java                                                      Java sanity', 4), ('TypeSpecification.java                                                       Java sanity', 4), ('TransformHbmXmlTask.java                                                     Java sanity', 4), ('AnnotationMetaEntity.java                                                    Java sanity', 4), ('XmlParserHelper.java                                                         Java sanity', 4), ('Validation.java                                                              Java sanity', 4), ('JpaDescriptorParser.java                                                     Java sanity', 4), ('XmlMetaEntity.java                                                           Java sanity', 4), ('Catch block may ignore exception', 4), ('Confusing argument to varargs method', 4), ('Loop statement that does not loop', 4), ('Reflective access across modules issues', 4), ('String concatenation in loop', 4), ('Access static member via instance reference', 4), ('Redundant type cast', 4), ('Method can be extracted', 4), (""'equals()' method that does not check the class of"", 3), ('Instantiation of utility class', 3), ('Possibly lossy implicit cast in compound assignmen', 3), (""String comparison using '==', instead of 'equals()"", 3), (""Suspicious 'InvocationHandler' implementation"", 3), (""Minimum 'switch' branches"", 3), ('Unnecessary semicolon', 3), ('EmbeddableMapping.java                                                       Java sanity', 2), ('GraphParser.java                                                             Java sanity', 2), ('JoinedSubclassPersistentEntity.java                                          Java sanity', 2), ('PersistentEntity.java                                                        Java sanity', 2), (""'equals()' between objects of inconvertible types"", 2), ('Bulk operation can be used instead of iteration', 2), ('Duplicate condition', 2), ('Manual array copy', 2), ('Method does not call super method', 2), ('Mismatched query and update of collection', 2), (""Redundant 'Collection.addAll()' call"", 2), (""Suspicious 'Collection.toArray()' call"", 2), ('Unstable API Usage', 2), (""Usage of service not declared in 'module-info'"", 2), ('Non-distinguishable logging calls', 2), ('Optional call chain can be simplified', 2), ('Redundant local variable', 2), ('StaticClassLists.java                                                        Java sanity', 1), (""'List.remove()' called in loop"", 1), (""'assert' statement with side effects"", 1), (""'default' not last case in 'switch'"", 1), (""'finally' block which can not complete normally"", 1), (""'throw' inside 'finally' block"", 1), ('Busy wait', 1), ('Class extends annotation interface', 1), ('Manual array to collection copy', 1), ('Mismatched read and write of array', 1), (""Number comparison using '==', instead of 'equals()"", 1), ('Pattern variable hides field', 1), ('Simplifiable conditional expression', 1), (""Suspicious 'Comparator.compare()' implementation"", 1), ('Synchronization on local variable or method parame', 1), (""'while' can be replaced with 'do while'"", 1), (""Call to 'Arrays.asList()' with too few arguments"", 1), ('Link specified as plain text', 1), (""Redundant 'if' statement"", 1), (""Duplicate branches in 'switch'"", 1), (""Non-strict inequality '>=' or '<=' can be replaced"", 1)]"
http4s_http4s,0,0,0,0,0,[]
jakubgarfield_Bonobo-Git-Server,0,0,0,0,0,[]
jarun_buku,273,0,82,171,0,"[('Unsatisfied package requirements', 33), ('Incorrect type', 25), ('Method is not declared static', 25), ('Redundant parentheses', 25), ('Unused local symbols', 25), ('The default argument is mutable', 18), ('Shadowing built-in names', 14), ('Unclear exception clauses', 14), ('Accessing a protected member of a class or a modul', 10), ('Shadowing names from outer scopes', 10), ('Single quoted docstring', 10), ('Unbound local variables', 9), ('Incorrect docstring', 9), ('PEP 8 naming convention violation', 9), ('forms.py                                                 Unresolved references', 4), ('response.py                                              Unresolved references', 4), ('server.py                                                Unresolved references', 4), ('flask_reverse_proxy_fix.py                               Unresolved references', 4), ('__init__.py                                              Unresolved references', 4), ('Vulnerable declared dependency', 4), ('Attempt to call a non-callable object', 3), ('An instance attribute is defined outside `__init__', 3), ('Errors in string formatting operations', 2), ('Duplicate branch in alternation', 1), ('First argument of the method is reassigned', 1), (""Missed call to '__init__' of the super class"", 1), ('Unreachable code', 1), ('Non-optimal list declaration', 1), ('Duplicated code fragment', 1)]"
jashkenas_underscore,469,349,113,4,0,"[('ESLint', 349), ('Primitive type object wrapper used', 56), ('Syntax errors and unresolved references in JSDoc', 15), ('Pointless statement or boolean expression', 10), ('Equality operator may cause type coercion', 8), ('Mismatched JSDoc and function signature', 6), ('Single character alternation', 5), ('Consecutive commas in array literal', 3), ('Deprecated symbol used', 3), ('Redundant character escape', 3), ('Comma expression', 2), ('Duplicate declaration', 2), (""'throw' inside 'finally' block"", 1), ('Assignment used as condition', 1), ('Exception used for local control-flow', 1), ('Mismatched query and update of collection', 1), ('Suspicious variable/parameter name combination', 1), ('Unused assignment', 1), ('Implicitly declared global JavaScript variable', 1)]"
jenkinsci_bitbucket-branch-source-plugin,161,0,112,4,0,"[(""AutoCloseable used without 'try'-with-resources"", 39), ('Constant values', 19), (""'@Serial' annotation can be used"", 15), ('Nullability and data flow problems', 12), ('Malformed format string', 9), ('Deprecated API usage', 8), ('@NotNull/@Nullable problems', 5), ('BitbucketGitSCMRevision.java                                                          Java sanity', 4), ('FallbackToOtherRepositoryGitSCMExtension.java                                         Java sanity', 4), ('PullRequestSCMHead.java                                                               Java sanity', 4), ('PullRequestSCMRevision.java                                                           Java sanity', 4), (""Non-serializable class with 'serialVersionUID'"", 4), ('BitbucketGitSCMBuilder.java                                                           Java sanity', 3), ('Declaration has problems in Javadoc references', 3), ('Duplicated code fragment', 3), ('Busy wait', 2), (""Call to 'list.containsAll(collection)' may have po"", 2), ('Class is exposed outside of its visibility scope', 2), ('Mismatched query and update of collection', 2), (""Redundant 'Collection.addAll()' call"", 2), ('Unused assignment', 2), ('BitbucketAuthenticator.java                                                           Java sanity', 1), ('Catch block may ignore exception', 1), ('Copy constructor misses field', 1), (""Inner class may be 'static'"", 1), ('Manual array to collection copy', 1), ('Synchronization on a non-final field', 1), ('Logger initialized with foreign class', 1), ('Concatenation with empty string', 1), (""Redundant 'if' statement"", 1), ('Redundant local variable', 1), ('Redundant type arguments', 1), ('Redundant type cast', 1), ('Method can be extracted', 1)]"
kartik-v_bootstrap-fileinput,197,0,178,19,0,"[('Equality operator may cause type coercion', 81), ('Duplicate declaration', 31), ('Unused local symbol', 26), ('Void function return value used', 10), ('Deprecated symbol used', 8), ('Assignment used as condition', 6), ('Infinite recursion', 5), ('Unused assignment', 5), ('Comparison of expressions having incompatible type', 4), ('Expression statement which is not assignment or ca', 4), (""'throw' inside 'finally' block"", 2), ('Comma expression', 2), ('Mismatched JSDoc and function signature', 2), ('Syntax errors and unresolved references in JSDoc', 2), ('Result of method call returning a promise is ignor', 2), ('Bitwise operator usage', 1), ('Mismatched query and update of collection', 1), (""Potentially invalid reference to 'this' from closu"", 1), ('Single character alternation', 1), (""Unnecessary 'return' statement"", 1), ('Unnecessary non-capturing group', 1), ('Implicitly declared global JavaScript variable', 1), ('Redundant local variable', 1)]"
lets-blade_blade,150,0,102,20,0,"[('Nullability and data flow problems', 19), ('Constant values', 17), ('Vulnerable declared dependency', 11), ('Unused assignment', 9), ('Javadoc declaration problems', 8), ('Magic constant', 6), ('Statement with empty body', 6), ('String concatenation in loop', 6), ('Non-distinguishable logging calls', 6), ('Duplicate character in character class', 5), (""AutoCloseable used without 'try'-with-resources"", 4), ('Possibly lossy implicit cast in compound assignmen', 4), (""Call to 'printStackTrace()'"", 4), (""Field may be 'final'"", 4), (""'size() == 0' can be replaced with 'isEmpty()'"", 3), (""Standard 'Charset' object can be used"", 3), ('Catch block may ignore exception', 2), ('Caught exception is immediately rethrown', 2), ('Class is exposed outside of its visibility scope', 2), ('Unstable API Usage', 2), (""'if' statement with identical branches or common p"", 2), ('Non-constant string concatenation as argument to l', 2), ('Redundant character escape', 2), ('Bulk operation can be used instead of iteration', 1), ('Busy wait', 1), (""Call to 'System.getProperty(str)' could be simplif"", 1), (""Cloneable class without 'clone()' method"", 1), ('Confusing argument to varargs method', 1), ('Copy constructor misses field', 1), (""Inner class may be 'static'"", 1), ('Number of placeholders does not match number of ar', 1), ('Optional.get() is called without isPresent() check', 1), ('Result of method call ignored', 1), ('Shift operation by inappropriate constant', 1), (""String concatenation as argument to 'StringBuilder"", 1), (""Suspicious 'Comparator.compare()' implementation"", 1), ('Suspicious collection method call', 1), ('Unnecessary non-capturing group', 1), ('Use of Optional.ofNullable with null or not-null a', 1), ('Write-only object', 1), (""'String.equals()' can be replaced with 'String.isE"", 1), ('Unchecked warning', 1), ('Duplicated code fragment', 1), ('Regular expression can be simplified', 1)]"
malwaredllc_byob,122,27,9969,303,0,"[('Equality operator may cause type coercion', 3923), ('Unused local symbol', 1796), ('Comma expression', 1376), ('Duplicate declaration', 631), ('Mismatched JSDoc and function signature', 401), ('Unused assignment', 382), ('Unnecessary semicolon', 165), ('Deprecated symbol used', 163), ('Unnecessary non-capturing group', 145), ('JQuery selector can be optimized', 140), ('Potentially invalid constructor usage', 124), (""Potentially invalid reference to 'this' from closu"", 121), ('Single character alternation', 114), ('Bitwise operator usage', 113), ('Redundant character escape', 106), ('Assignment used as condition', 101), ('Referencing mutable variable from closure', 86), ('Syntax errors and unresolved references in JSDoc', 67), ('Implicitly declared global JavaScript variable', 57), ('Expression statement which is not assignment or ca', 53), ('ESLint', 27), ('Duplicate character in character class', 27), ('Primitive type object wrapper used', 24), ('Unreachable code', 24), ('Suspicious variable/parameter name combination', 22), ('Pointless statement or boolean expression', 19), (""Unnecessary 'return' statement"", 17), (""'this' expression which references the global obje"", 16), ('Inaccessible @private and @protected members refer', 16), ('Incorrect usage of JSDoc tags', 15), ('Void function return value used', 14), (""Fallthrough in 'switch' statement"", 12), ('Unnecessary label', 12), ('Mismatched query and update of collection', 9), (""Object is 'null' or 'undefined'"", 9), (""Redundant '\\d', '[:digit:]', or '\\D' class element"", 9), ('Begin or end anchor in unexpected position', 8), (""Loop statement that doesn't loop"", 8), (""Unnecessary label on 'continue' statement"", 8), ('Comparison of expressions having incompatible type', 7), ('Result of method call returning a promise is ignor', 7), (""Unnecessary 'continue' statement"", 6), ('Redundant type arguments', 6), ('Duplicated code fragment', 5), ('Variable is assigned to itself', 4), ('Redundant local variable', 4), ('Suspicious back reference', 3), ('Unsound type guard check', 3), ('Redundant conditional expression', 3), ('Constant conditional expression', 2), ('Exception used for local control-flow', 2), ('Regular expression can be simplified', 2), (""'typeof' comparison with non-standard value"", 1), ('Duplicate branch in alternation', 1), ('Infinite loop statement', 1), (""Variable is declared and being used in different '"", 1), ('Missing await for an async function call', 1), (""Redundant 'if' statement"", 1), ('Statement with empty body', 1)]"
marionettejs_backbone.marionette,122,95,22,5,0,"[('ESLint', 95), ('Unused local symbol', 17), ('Expression statement which is not assignment or ca', 5), (""Unnecessary 'return' statement"", 2), ('Comma expression', 1), ('Import can be shortened', 1), ('Void function return value used', 1), ('Duplicated code fragment', 1)]"
mitchellkrogza_apache-ultimate-bad-bot-blocker,0,0,0,0,0,[]
mozilla_bedrock,31,2,73,1414,0,"[('Unsatisfied package requirements', 763), ('Unused local symbols', 198), ('PEP 8 naming convention violation', 174), ('Method is not declared static', 109), ('Shadowing names from outer scopes', 31), ('Redundant parentheses', 30), ('Accessing a protected member of a class or a modul', 29), ('Incorrect call arguments', 27), ('Shadowing built-in names', 26), ('An instance attribute is defined outside `__init__', 22), ('Single quoted docstring', 18), ('Incorrect type', 14), ('Unbound local variables', 8), ('Incorrect docstring', 7), ('Duplicated code fragment', 7), ('Inappropriate access to properties', 6), ('Unclear exception clauses', 5), ('cron.py                                           Unresolved references', 4), ('test_translation.py                               Unresolved references', 4), ('translation.py                                    Unresolved references', 4), ('Deprecated function, class, or module', 4), ('The default argument is mutable', 4), ('run-db-upload.py                                  Unresolved references', 3), ('test_helpers.py                                   Unresolved references', 3), ('Statement has no effect', 3), ('Unnecessary non-capturing group', 3), ('test_template.py                                  Unresolved references', 2), ('manage.py                                         Unresolved references', 2), ('Hardcoded passwords', 2), ('Method signature does not match signature of overr', 2), ('check_csp_report.py                               Unresolved references', 1), ('Invalid type hints definitions and usages', 1), ('__init__ method that returns a value', 1), ('Dictionary creation can be rewritten by dictionary', 1), ('Improper first parameter', 1), ('Redundant character escape', 1)]"
opensourceBIM_BIMserver,52,6,839,264,0,"[('Javadoc declaration problems', 6523), ('Redundant local variable', 918), ('Declaration has problems in Javadoc references', 868), ('Dangling Javadoc comment', 427), ('Redundant type cast', 213), ('Non-constant string concatenation as argument to l', 196), (""String concatenation as argument to 'StringBuilder"", 136), ('Unused assignment', 134), ('Link specified as plain text', 132), ('Statement with empty body', 122), ('Pointless arithmetic expression', 101), ('Constant values', 75), ('Nullability and data flow problems', 74), (""Field may be 'final'"", 55), ('Unnecessary modifier', 48), (""Call to 'printStackTrace()'"", 41), ('Catch block may ignore exception', 36), ('Duplicate throws', 36), ('Suspicious collection method call', 26), ('Commented out code', 26), ('Vulnerable declared dependency', 25), (""Redundant 'if' statement"", 20), ('Non-distinguishable logging calls', 17), ('Result of method call ignored', 16), ('Bulk operation can be used instead of iteration', 15), ('Unknown HTTP header', 13), ('Logger initialized with foreign class', 10), (""'if' statement with identical branches or common p"", 9), (""AutoCloseable used without 'try'-with-resources"", 8), ('Possibly lossy implicit cast in compound assignmen', 8), ('Unstable API Usage', 8), ('Wrapper type may be primitive', 8), (""Unnecessary call to 'toString()'"", 8), ('String concatenation in loop', 7), (""Suspicious byte value returned from 'InputStream.r"", 6), ('Duplicated code fragment', 6), ('Integer multiplication or shift implicitly cast to', 5), ('Mismatched query and update of collection', 5), ('Unchecked warning', 5), ('IfcModel.java                                                                      Java sanity', 4), ('Busy wait', 4), ('Caught exception is immediately rethrown', 4), ('Manual array copy', 4), ('Overwritten Map, Set, or array element', 4), ('Simplifiable conditional expression', 4), (""'size() == 0' can be replaced with 'isEmpty()'"", 4), ('Method is identical to its super method', 4), (""Call to 'System.getProperty(str)' could be simplif"", 3), (""Inner class may be 'static'"", 3), ('Integer division in floating-point context', 3), ('Concatenation with empty string', 3), (""Redundant 'File' instance creation"", 3), (""Unnecessary 'continue' statement"", 3), ('Method can be extracted', 3), ('GenerateGeometryLibrary.java                                                       Java sanity', 2), ('IfcSchemaToJson.java                                                               Java sanity', 2), ('ChangeHelper.java                                                                  Java sanity', 2), ('Database.java                                                                      Java sanity', 2), ('DatabaseSession.java                                                               Java sanity', 2), ('ObjectsToCommit.java                                                               Java sanity', 2), ('AddIndexChange.java                                                                Java sanity', 2), ('NewClassBulkChange.java                                                            Java sanity', 2), ('NewClassChange.java                                                                Java sanity', 2), ('Ifc2x3tc1ToIfc4Converter.java                                                      Java sanity', 2), ('Ifc4ToIfcIfc2x3tc1Converter.java                                                   Java sanity', 2), ('MetaDataManager.java                                                               Java sanity', 2), ('PackageMetaData.java                                                               Java sanity', 2), ('Schema.java                                                                        Java sanity', 2), ('IfcUtils.java                                                                      Java sanity', 2), ('Duplicate condition', 2), ('Manual array to collection copy', 2), (""Number comparison using '==', instead of 'equals()"", 2), ('Pointless boolean expression', 2), ('Unused import', 2), ('SetWrappedAttributeChange.java                                                     Java sanity', 1), ('GetRevisionSummaryDatabaseAction.java                                              Java sanity', 1), ('Ifc4Factory.java                                                                   Java sanity', 1), ('IfcAirTerminalBoxTypeImpl.java                                                     Java sanity', 1), ('IfcAngularVelocityMeasureImpl.java                                                 Java sanity', 1), ('IfcBoilerTypeImpl.java                                                             Java sanity', 1), ('IfcConnectedFaceSetImpl.java                                                       Java sanity', 1), ('IfcEnergyMeasureImpl.java                                                          Java sanity', 1), ('IfcGeometricRepresentationContextImpl.java                                         Java sanity', 1), ('IfcHumidifierTypeImpl.java                                                         Java sanity', 1), ('IfcProfilePropertiesImpl.java                                                      Java sanity', 1), ('IfcQuantityLengthImpl.java                                                         Java sanity', 1), ('IfcRelAssociatesImpl.java                                                          Java sanity', 1), ('IfcRelConnectsImpl.java                                                            Java sanity', 1), ('IfcStructuralLoadCaseImpl.java                                                     Java sanity', 1), ('IfcTextureVertexImpl.java                                                          Java sanity', 1), ('IfcUnitaryEquipmentImpl.java                                                       Java sanity', 1), ('ModelHelper.java                                                                   Java sanity', 1), ('Double-checked locking', 1), (""Early loop exit in 'if' condition"", 1), (""Empty 'finally' block"", 1), (""Empty 'synchronized' statement"", 1), ('Infinite loop statement', 1), (""Mismatched query and update of 'StringBuilder'"", 1), (""Non-atomic operation on 'volatile' field"", 1), (""Redundant 'Collection.addAll()' call"", 1), ('Simplifiable boolean expression', 1), (""String comparison using '==', instead of 'equals()"", 1), (""Synchronization on 'getClass()'"", 1), ('Taint analysis', 1), (""'String.equals()' can be replaced with 'String.isE"", 1), ('Field can be local', 1), ('Manual min/max calculation', 1), (""Non-final field in 'enum'"", 1), ('Unnecessary unicode escape sequence', 1), (""Duplicate branches in 'switch'"", 1)]"
phiamo_MopaBootstrapBundle,337,0,280,9,0,"[('Equality operator may cause type coercion', 94), ('Unused assignment', 42), ('Parameter type', 38), ('Duplicate declaration', 30), ('Fully qualified name usage', 27), ('Undefined property', 25), ('Undefined class', 23), ('Undefined namespace', 9), ('Redundant character escape', 9), ('JQuery selector can be optimized', 7), ('Implicitly declared global JavaScript variable', 6), ('Unused local symbol', 5), ('Void function return value used', 4), ('BootstrapSymlinkLessCommand.php                                      Language level', 2), ('BootstrapSymlinkSassCommand.php                                      Language level', 2), ('InstallFontCommand.php                                               Language level', 2), (""'in_array' can be replaced with comparison"", 2), ('Inappropriate @inheritDoc usage', 2), ('FormActionsType.php                                                  Language level', 1), ('Comma expression', 1), (""Suspicious '=+' assignment"", 1), ('Undefined method', 1), ('Deprecated symbol used', 1), ('Member reference chain is too long to analyze', 1), ('Strict comparison of operands with incompatible ty', 1), ('Missing return type declaration', 1)]"
philc_vimium,165,0,101,64,0,"[('Equality operator may cause type coercion', 61), (""Redundant 'await' expression"", 22), ('Result of method call returning a promise is ignor', 18), ('Missing await for an async function call', 14), ('Unused local symbol', 8), ('Deprecated symbol used', 7), ('Referencing mutable variable from closure', 6), ('Unused assignment', 6), ('Duplicate character in character class', 5), ('Duplicate declaration', 4), ('Primitive type object wrapper used', 3), (""Unnecessary 'return' statement"", 2), ('Expression statement which is not assignment or ca', 2), ('Assignment used as condition', 1), ('Comma expression', 1), (""Unnecessary 'continue' statement"", 1), ('Unnecessary semicolon', 1), ('Unused import', 1), ('Void function return value used', 1), ('Implicitly declared global JavaScript variable', 1)]"
presidentbeef_brakeman,12,0,1190,86,0,"[('Equality operator may cause type coercion', 730), ('Duplicate declaration', 134), ('Assignment used as condition', 118), ('Unused local symbol', 87), ('Deprecated symbol used', 62), ('Implicitly declared global JavaScript variable', 22), (""Potentially invalid reference to 'this' from closu"", 18), ('Unused assignment', 17), ('Comma expression', 15), ('Potentially invalid constructor usage', 14), ('Redundant character escape', 11), ('Unnecessary semicolon', 10), (""'with' statement"", 9), (""Fallthrough in 'switch' statement"", 7), ('Single character alternation', 7), ('Pointless statement or boolean expression', 6), ('Unnecessary non-capturing group', 4), ('Mismatched query and update of collection', 3), ('Referencing mutable variable from closure', 3), (""Unnecessary 'return' statement"", 3), (""'this' expression which references the global obje"", 2), (""Unreachable 'case' branch of a 'switch' statement"", 2), ('Expression statement which is not assignment or ca', 2), ('Bitwise operator usage', 1), ('Regular expression can be simplified', 1)]"
psf_black,313,0,46,243,0,"[('PEP 8 naming convention violation', 56), ('Shadowing names from outer scopes', 39), ('Unused local symbols', 36), ('Shadowing built-in names', 35), ('Redundant parentheses', 34), ('An instance attribute is defined outside `__init__', 23), ('Unbound local variables', 22), ('Incorrect type', 17), ('Method is not declared static', 11), ('comments.py                               Unresolved references', 4), ('output.py                                 Unresolved references', 4), ('ranges.py                                 Unresolved references', 4), ('report.py                                 Unresolved references', 4), ('Redundant character escape', 4), ('Accessing a protected member of a class or a modul', 3), (""Assignments to 'for' loop or 'with' statement para"", 3), ('__main__.py                               Unresolved references', 2), ('parsing.py                                Unresolved references', 2), ('Duplicate character in character class', 2), ('Function call can be replaced with set literal', 2), ('Unclear exception clauses', 2), ('Single character alternation', 1), ('The default argument is mutable', 1), ('Unreachable code', 1), ('Too complex chained comparisons', 1)]"
qbittorrent_qBittorrent,0,0,0,0,0,[]
rappasoft_laravel-boilerplate,45,0,2279,3,0,"[('Undefined function', 816), ('Undefined class', 806), ('Undefined namespace', 406), ('Undefined method', 107), ('Undefined property', 62), ('Undefined constant', 57), ('Missing return type declaration', 16), ('Expression result unused', 13), ('Fully qualified name usage', 11), ('Unnecessary fully qualified name', 9), ('Unused local symbol', 6), (""Missing property's type declaration"", 6), ('Concatenation with arithmetic usage', 4), ('Vulnerable declared dependency', 3), ('Deprecated symbol used', 2), (""Missing parameter's type declaration"", 2), ('Extension is missing in composer.json', 1)]"
rubenlagus_TelegramBots,141,0,35,47,0,"[('@NotNull/@Nullable problems', 56), ('Vulnerable declared dependency', 37), ('Constant values', 30), ('Non-constant string concatenation as argument to l', 12), (""AutoCloseable used without 'try'-with-resources"", 1), ('Possibly lossy implicit cast in compound assignmen', 1), ('Unknown HTTP header', 1), ('Comparator method can be simplified', 1), (""Field may be 'final'"", 1), ('Unused import', 1)]"
s3tools_s3cmd,624,0,117,485,0,"[('Shadowing names from outer scopes', 158), ('PEP 8 naming convention violation', 77), ('Unused local symbols', 57), ('Redundant parentheses', 48), ('Unbound local variables', 31), ('Unsatisfied package requirements', 30), ('Shadowing built-in names', 28), ('Accessing a protected member of a class or a modul', 23), ('An instance attribute is defined outside `__init__', 18), ('Single quoted docstring', 16), ('Incorrect call arguments', 14), ('The default argument is mutable', 14), ('Unclear exception clauses', 13), ('Using equality operators to compare with None', 13), ('Errors in string formatting operations', 12), ('Incorrect type', 12), ('Dictionary creation can be rewritten by dictionary', 8), ('Redundant boolean variable check', 8), ('Method is not declared static', 6), ('Custom_httplib27.py                               Unresolved references', 4), ('Utils.py                                          Unresolved references', 4), ('ConnMan.py                                        Unresolved references', 4), ('Too complex chained comparisons', 4), ('S3Uri.py                                          Unresolved references', 3), ('Deprecated function, class, or module', 3), ('BaseUtils.py                                      Unresolved references', 2), ('ACL.py                                            Unresolved references', 2), ('Improper first parameter', 2), ('AccessLog.py                                      Unresolved references', 1), ('Custom_httplib3x.py                               Unresolved references', 1), ('Exceptions.py                                     Unresolved references', 1), ('Function call can be replaced with set literal', 1), ('Single character alternation', 1), ('Unnecessary non-capturing group', 1), ('Unreachable code', 1), (""Wrong order of 'except' clauses"", 1), ('Global variable is not defined at the module level', 1), ('Non-optimal list declaration', 1)]"
sammchardy_python-binance,17,0,28,1017,0,"[('Incorrect docstring', 943), ('PEP 8 naming convention violation', 38), ('Unsatisfied package requirements', 28), ('Unused local symbols', 9), ('Redundant parentheses', 5), ('base_client.py                                          Unresolved references', 4), ('reconnecting_websocket.py                               Unresolved references', 4), ('Accessing a protected member of a class or a modul', 4), ('Method is not declared static', 4), ('Shadowing built-in names', 4), ('Shadowing names from outer scopes', 4), ('async_client.py                                         Unresolved references', 2), ('helpers.py                                              Unresolved references', 2), ('save_historical_data.py                                 Unresolved references', 2), ('streams.py                                              Unresolved references', 2), ('Deprecated function, class, or module', 2), ('depthcache.py                                           Unresolved references', 1), ('Incorrect type', 1), ('Missing `await` syntax in coroutine calls', 1), ('An instance attribute is defined outside `__init__', 1), ('Unclear exception clauses', 1)]"
scratchfoundation_scratch-blocks,10,146,1427,17,0,"[('Equality operator may cause type coercion', 536), ('Syntax errors and unresolved references in JSDoc', 239), ('Inaccessible @private and @protected members refer', 218), ('Duplicate declaration', 203), ('ESLint', 143), ('Assignment used as condition', 125), ('Mismatched JSDoc and function signature', 25), ('Incorrect usage of JSDoc tags', 24), ('Unused assignment', 20), ('Deprecated symbol used', 13), ('Suspicious variable/parameter name combination', 10), ('Redundant local variable', 6), ('Unused local symbol', 5), (""Object is 'null' or 'undefined'"", 4), (""Potentially invalid reference to 'this' from closu"", 4), ('Referencing mutable variable from closure', 4), (""Unnecessary 'return' statement"", 4), ('Comparison of expressions having incompatible type', 4), (""Redundant 'if' statement"", 4), ('Attempt to assign to const or readonly variable', 3), ('Webpack config compliance with JSON Schema', 2), (""'this' expression which references the global obje"", 1), ('Pointless statement or boolean expression', 1), ('Suspicious back reference', 1), ('Unnecessary semicolon', 1)]"
sferik_t-ruby,0,0,0,0,0,[]
splitrb_split,5,0,1,4,0,"[('Implicitly declared global JavaScript variable', 4), ('JQuery selector can be optimized', 1)]"
square_okhttp,0,0,0,0,0,[]
thomaspark_bootswatch,7,0,2097,138,0,"[('Equality operator may cause type coercion', 846), ('Unused local symbol', 463), ('Comma expression', 393), ('Deprecated symbol used', 99), ('Mismatched JSDoc and function signature', 58), ('JQuery selector can be optimized', 51), ('Unused assignment', 51), ('Duplicate declaration', 35), ('Bitwise operator usage', 33), (""Potentially invalid reference to 'this' from closu"", 31), ('Syntax errors and unresolved references in JSDoc', 16), ('Implicitly declared global JavaScript variable', 16), ('Potentially invalid constructor usage', 15), ('Unnecessary label', 15), (""Object is 'null' or 'undefined'"", 14), ('Expression statement which is not assignment or ca', 13), ('Unnecessary semicolon', 12), (""Loop statement that doesn't loop"", 10), ('Assignment used as condition', 9), ('Comparison of expressions having incompatible type', 9), (""'this' expression which references the global obje"", 8), ('Mismatched query and update of collection', 5), ('Single character alternation', 5), ('Void function return value used', 5), ('Variable is assigned to itself', 4), ('Regular expression can be simplified', 4), ('Referencing mutable variable from closure', 3), ('Unnecessary non-capturing group', 3), ('Exception used for local control-flow', 2), ('Incorrect usage of JSDoc tags', 2), ('Infinite recursion', 2), (""Unnecessary 'continue' statement"", 2), ('Duplicated code fragment', 2), ('Consecutive commas in array literal', 1), ('Pointless statement or boolean expression', 1), ('Suspicious back reference', 1), (""Unnecessary 'return' statement"", 1), ('Result of method call returning a promise is ignor', 1), ('Redundant character escape', 1)]"
thoughtbot_factory_bot,0,0,0,0,0,[]
trimstray_the-book-of-secret-knowledge,0,0,0,0,0,[]
twbs_bootstrap-sass,152,0,152,0,0,"[('Equality operator may cause type coercion', 102), ('Void function return value used', 38), (""Potentially invalid reference to 'this' from closu"", 10), ('Unused local symbol', 2)]"
uber_RIBs,0,0,0,0,0,[]
uxsolutions_bootstrap-datepicker,52,44,8,0,0,"[('JSHint', 44), ('Void function return value used', 5), ('Single character alternation', 2), ('Unused local symbol', 1)]"
vlachoudis_bCNC,28,0,361,3843,0,"[('PEP 8 naming convention violation', 2146), ('Unused local symbols', 391), ('An instance attribute is defined outside `__init__', 349), ('Unclear exception clauses', 275), ('Accessing a protected member of a class or a modul', 221), ('Shadowing names from outer scopes', 203), ('Unsatisfied package requirements', 146), ('Incorrect type', 89), ('Method is not declared static', 82), ('Redundant parentheses', 79), ('Unbound local variables', 72), ('Incorrect call arguments', 45), ('Global variable is not defined at the module level', 16), ('Incorrect docstring', 13), ('The default argument is mutable', 12), ('Duplicated code fragment', 8), ('Attempt to call a non-callable object', 7), ('Inappropriate access to properties', 7), ('Non-optimal list declaration', 7), (""Assignments to 'for' loop or 'with' statement para"", 6), ('Single quoted docstring', 6), ('Too complex chained comparisons', 6), (""Missed call to '__init__' of the super class"", 5), ('center.py                                        Unresolved references', 4), ('intersection.py                                  Unresolved references', 4), ('linearize.py                                     Unresolved references', 4), ('simpleArc.py                                     Unresolved references', 4), ('simpleTranslate.py                               Unresolved references', 4), ('Inconsistent indentation', 3), ('Method signature does not match signature of overr', 3), ('Dictionary contains duplicate keys', 2), ('Unnecessary backslash', 2), ('Dictionary creation can be rewritten by dictionary', 2), ('Improper first parameter', 2), ('Shadowing built-in names', 2), ('Deprecated function, class, or module', 1), ('First argument of the method is reassigned', 1), ('Redeclared names without usages', 1), ('Unreachable code', 1), ('__init__ method that returns a value', 1)]"
voxpupuli_beaker,0,0,0,0,0,[]
wenzhixin_bootstrap-table-examples,338,295,40,3,0,"[('ESLint', 295), ('Unused local symbol', 29), ('JQuery selector can be optimized', 9), ('Void function return value used', 2), ('Deprecated symbol used', 2), ('Comparison of expressions having incompatible type', 1)]"
wiredtiger_wiredtiger,35,10,492,3979,0,"[('PEP 8 naming convention violation', 1591), ('Unused local symbols', 376), ('An instance attribute is defined outside `__init__', 319), ('Redundant parentheses', 304), ('Method is not declared static', 298), ('Incorrect type', 237), ('Accessing a protected member of a class or a modul', 224), ('Single quoted docstring', 214), ('Using equality operators to compare with None', 175), ('Shadowing names from outer scopes', 145), ('Shadowing built-in names', 144), ('Unbound local variables', 88), ('Unnecessary backslash', 59), ('Unclear exception clauses', 47), ('Redundant boolean variable check', 34), ('Improper first parameter', 31), ('Incorrect docstring', 31), ('Method signature does not match signature of overr', 24), ('Statement has no effect', 23), ('Deprecated function, class, or module', 20), ('Dictionary creation can be rewritten by dictionary', 16), ('Non-optimal list declaration', 14), ('Duplicated code fragment', 12), ('Too complex chained comparisons', 11), (""Missed call to '__init__' of the super class"", 10), ('Redeclared names without usages', 7), ('Attempt to call a non-callable object', 6), ('Incorrect call arguments', 6), (""Assigning function calls that don't return anythin"", 6), ('packing.py                                         Unresolved references', 4), ('intpacking.py                                      Unresolved references', 4), ('Errors in string formatting operations', 4), (""Assignments to 'for' loop or 'with' statement para"", 4), ('Global variable is not defined at the module level', 4), ('fpacking.py                                        Unresolved references', 3), ('init.py                                            Unresolved references', 3), ('test_backup07.py                                   Unresolved references', 3), ('test_checkpoint24.py                               Unresolved references', 3), ('The default argument is mutable', 3), ('Unreachable code', 2), ('packutil.py                                        Unresolved references', 1), ('doxfilter.py                                       Unresolved references', 1), ('Hardcoded passwords', 1), ('Class-specific decorator is used outside the class', 1), ('Incorrect property definition', 1), ('__init__ method that returns a value', 1), ('Redundant character escape', 1)]"
zostera_django-bootstrap3,39,0,4,14,0,"[('forms.py                                    Unresolved references', 8), ('Unused local symbols', 7), ('Method is not declared static', 5), ('components.py                               Unresolved references', 4), ('Unreachable code', 3), ('urls.py                                     Unresolved references', 2), ('wsgi.py                                     Unresolved references', 2), ('bootstrap.py                                Unresolved references', 2), ('text.py                                     Unresolved references', 2), ('Shadowing built-in names', 2), ('manage.py                                   Unresolved references', 1), ('Incorrect type', 1)]"
